id,product_id,label_id,content,create_date,modified_date
1,4,6,堪用,20221024,20221024
2,4,6,中階,20221024,20221024
3,4,6,中度,20221024,20221024
4,5,6,堪用,20221024,20221024
5,5,6,自用,20221024,20221024
6,5,6,微,20221024,20221024
7,2,6,外置,20221024,20221024
8,2,6,中階,20221024,20221024
9,2,6,高質,20221024,20221024
10,958,6,後置,20221024,20221024
11,958,6,主要,20221024,20221024
12,838,6,可用,20221024,20221024
13,838,6,低階,20221024,20221024
14,838,6,自用,20221024,20221024
15,37,6,一般,20221024,20221024
16,37,6,額外,20221024,20221024
17,37,6,基本,20221024,20221024
18,36,6,可用,20221024,20221024
19,36,6,中階,20221024,20221024
20,36,6,超大,20221024,20221024
21,839,6,基礎,20221024,20221024
22,839,6,中階,20221024,20221024
23,839,6,超大,20221024,20221024
24,959,6,中低階,20221024,20221024
25,959,6,最低階,20221024,20221024
26,3,6,堪用,20221024,20221024
27,3,6,中階,20221024,20221024
28,1,6,軍用,20221024,20221024
29,1,6,中階,20221024,20221024
30,1,6,商用,20221024,20221024
31,35,6,可用,20221024,20221024
32,35,6,中階,20221024,20221024
33,35,6,適度,20221024,20221024
34,134,6,超大,20221024,20221024
35,134,6,外出用,20221024,20221024
36,134,6,工作用,20221024,20221024
37,479,6,中階,20221024,20221024
38,135,6,可用,20221024,20221024
39,135,6,額外,20221024,20221024
40,137,6,低階,20221024,20221024
41,137,6,中度,20221024,20221024
42,679,6,可用,20221024,20221024
43,679,6,同級,20221024,20221024
44,679,6,基本,20221024,20221024
45,678,6,可用,20221024,20221024
46,678,6,同級,20221024,20221024
47,678,6,商用,20221024,20221024
48,136,6,低階,20221024,20221024
49,136,6,商用,20221024,20221024
50,644,6,低階,20221024,20221024
51,644,6,單一,20221024,20221024
52,640,6,原,20221024,20221024
53,683,6,可用,20221024,20221024
54,683,6,低階,20221024,20221024
55,683,6,堪用,20221024,20221024
56,481,6,頂級,20221024,20221024
57,40,6,可用,20221024,20221024
58,40,6,低階,20221024,20221024
59,40,6,中低階,20221024,20221024
60,480,6,低階,20221024,20221024
61,480,6,商用,20221024,20221024
62,682,6,家用,20221024,20221024
63,682,6,超大,20221024,20221024
64,682,6,中高階,20221024,20221024
65,133,6,中度,20221024,20221024
66,133,6,基本,20221024,20221024
67,127,6,超大,20221024,20221024
68,641,6,低階,20221024,20221024
69,641,6,一般,20221024,20221024
70,641,6,家用,20221024,20221024
71,1067,6,一般,20221024,20221024
72,1067,6,高階,20221024,20221024
73,1067,6,頂級,20221024,20221024
74,131,6,一般,20221024,20221024
75,657,6,低階,20221024,20221024
76,657,6,商用,20221024,20221024
77,657,6,原生,20221024,20221024
78,643,6,可用,20221024,20221024
79,643,6,一般,20221024,20221024
80,643,6,基本,20221024,20221024
81,680,6,低階,20221024,20221024
82,680,6,中低階,20221024,20221024
83,483,6,一般,20221024,20221024
84,681,6,中度,20221024,20221024
85,642,6,基本,20221024,20221024
86,642,6,超低,20221024,20221024
87,656,6,商用,20221024,20221024
88,656,6,超大,20221024,20221024
89,1066,6,中低階,20221024,20221024
90,1066,6,超大,20221024,20221024
91,263,6,後置,20221024,20221024
92,115,6,低階,20221024,20221024
93,115,6,一般,20221024,20221024
94,115,6,基本,20221024,20221024
95,840,6,中高階,20221024,20221024
96,840,6,頂級,20221024,20221024
97,841,6,商用,20221024,20221024
98,841,6,超大,20221024,20221024
99,114,6,中低階,20221024,20221024
100,114,6,工作用,20221024,20221024
101,114,6,折衷,20221024,20221024
102,923,6,可用,20221024,20221024
103,923,6,舊有,20221024,20221024
104,116,6,家用,20221024,20221024
105,116,6,大型,20221024,20221024
106,658,6,中高階,20221024,20221024
107,658,6,日常,20221024,20221024
108,659,6,可用,20221024,20221024
109,659,6,同級,20221024,20221024
110,659,6,中低階,20221024,20221024
111,117,6,微型,20221024,20221024
112,117,6,家用,20221024,20221024
113,265,6,一般,20221024,20221024
114,265,6,高階,20221024,20221024
115,926,6,可用,20221024,20221024
116,926,6,頂規,20221024,20221024
117,113,6,家用,20221024,20221024
118,113,6,廢,20221024,20221024
119,113,6,折衷,20221024,20221024
120,660,6,堪用,20221024,20221024
121,660,6,低規,20221024,20221024
122,927,6,可用,20221024,20221024
123,927,6,高階,20221024,20221024
124,927,6,頂規,20221024,20221024
125,264,6,超大,20221024,20221024
126,264,6,頂級,20221024,20221024
127,266,6,額外,20221024,20221024
128,925,6,高階,20221024,20221024
129,925,6,基本,20221024,20221024
130,676,6,低階,20221024,20221024
131,676,6,日常,20221024,20221024
132,677,6,低階,20221024,20221024
133,677,6,中低階,20221024,20221024
134,677,6,基本,20221024,20221024
135,924,6,可用,20221024,20221024
136,924,6,低階,20221024,20221024
137,924,6,超大,20221024,20221024
138,267,6,一般,20221024,20221024
139,267,6,商用,20221024,20221024
140,957,6,高階,20221024,20221024
141,957,6,頂級,20221024,20221024
142,837,6,商用,20221024,20221024
143,837,6,中度,20221024,20221024
144,837,6,優質,20221024,20221024
145,374,6,商用,20221024,20221024
146,38,6,商用,20221024,20221024
147,38,6,適度,20221024,20221024
148,39,6,可用,20221024,20221024
149,39,6,中階,20221024,20221024
150,39,6,基本,20221024,20221024
151,361,6,單,20221024,20221024
152,956,6,額外,20221024,20221024
153,956,6,高階,20221024,20221024
154,956,6,基本,20221024,20221024
155,363,6,一般,20221024,20221024
156,362,6,低階,20221024,20221024
157,362,6,堪用,20221024,20221024
158,362,6,基本,20221024,20221024
159,955,6,一般,20221024,20221024
160,955,6,高階,20221024,20221024
161,372,6,低階,20221024,20221024
162,359,6,低階,20221024,20221024
163,359,6,便攜式,20221024,20221024
164,370,6,同級,20221024,20221024
165,370,6,日常,20221024,20221024
166,479,5,數位,20221024,20221024
167,479,5,中階,20221024,20221024
168,135,5,微距,20221024,20221024
169,135,5,長焦,20221024,20221024
170,135,5,前置,20221024,20221024
171,134,5,前置,20221024,20221024
172,134,5,數位,20221024,20221024
173,40,5,黑白,20221024,20221024
174,40,5,雙鏡,20221024,20221024
175,40,5,活動式,20221024,20221024
176,678,5,新款,20221024,20221024
177,136,5,前置,20221024,20221024
178,136,5,慢速,20221024,20221024
179,136,5,雙鏡,20221024,20221024
180,644,5,單眼,20221024,20221024
181,644,5,潛望式,20221024,20221024
182,644,5,灰階,20221024,20221024
183,137,5,彩色,20221024,20221024
184,137,5,數位,20221024,20221024
185,137,5,雙色,20221024,20221024
186,679,5,黑白,20221024,20221024
187,679,5,中高階,20221024,20221024
188,679,5,新一代,20221024,20221024
189,480,5,微距,20221024,20221024
190,480,5,低階,20221024,20221024
191,133,5,兩截式,20221024,20221024
192,133,5,雙模,20221024,20221024
193,641,5,長焦,20221024,20221024
194,641,5,高階,20221024,20221024
195,127,5,前置,20221024,20221024
196,127,5,後置,20221024,20221024
197,127,5,新一代,20221024,20221024
198,682,5,前置,20221024,20221024
199,682,5,黑白,20221024,20221024
200,682,5,後置,20221024,20221024
201,683,5,後置,20221024,20221024
202,683,5,遠距,20221024,20221024
203,683,5,潛望式,20221024,20221024
204,640,5,長焦,20221024,20221024
205,640,5,磨砂,20221024,20221024
206,481,5,雙,20221024,20221024
207,481,5,頂級,20221024,20221024
208,483,5,一般,20221024,20221024
209,642,5,基本,20221024,20221024
210,656,5,前置,20221024,20221024
211,656,5,後置,20221024,20221024
212,656,5,三段式,20221024,20221024
213,681,5,高倍,20221024,20221024
214,681,5,潛望式,20221024,20221024
215,681,5,碧藍,20221024,20221024
216,680,5,低階,20221024,20221024
217,680,5,一體式,20221024,20221024
218,680,5,碧藍,20221024,20221024
219,657,5,單眼,20221024,20221024
220,657,5,微距,20221024,20221024
221,657,5,長焦,20221024,20221024
222,131,5,一般,20221024,20221024
223,643,5,高階,20221024,20221024
224,643,5,單側,20221024,20221024
225,643,5,三段式,20221024,20221024
226,36,5,長焦,20221024,20221024
227,36,5,前置,20221024,20221024
228,36,5,單側,20221024,20221024
229,37,5,單側,20221024,20221024
230,37,5,新款,20221024,20221024
231,37,5,雙色,20221024,20221024
232,35,5,前置,20221024,20221024
233,35,5,單側,20221024,20221024
234,35,5,對稱式,20221024,20221024
235,959,5,遠距,20221024,20221024
236,959,5,中低階,20221024,20221024
237,839,5,單反,20221024,20221024
238,839,5,無反,20221024,20221024
239,839,5,潛望式,20221024,20221024
240,838,5,高倍,20221024,20221024
241,838,5,微距,20221024,20221024
242,838,5,近拍,20221024,20221024
243,958,5,後置,20221024,20221024
244,956,5,磨砂,20221024,20221024
245,956,5,雙前,20221024,20221024
246,956,5,全彩,20221024,20221024
247,3,5,高倍,20221024,20221024
248,3,5,高清,20221024,20221024
249,3,5,細部,20221024,20221024
250,361,5,單,20221024,20221024
251,837,5,單眼,20221024,20221024
252,837,5,微距,20221024,20221024
253,837,5,新一代,20221024,20221024
254,374,5,手動,20221024,20221024
255,374,5,原生,20221024,20221024
256,2,5,高清,20221024,20221024
257,2,5,雙鏡,20221024,20221024
258,2,5,多孔,20221024,20221024
259,957,5,單眼,20221024,20221024
260,957,5,高階,20221024,20221024
261,957,5,獨家,20221024,20221024
262,955,5,手動,20221024,20221024
263,955,5,後置,20221024,20221024
264,955,5,高階,20221024,20221024
265,1067,5,單眼,20221024,20221024
266,1067,5,近拍,20221024,20221024
267,1067,5,單攝,20221024,20221024
268,362,5,微距,20221024,20221024
269,362,5,近拍,20221024,20221024
270,362,5,數位,20221024,20221024
271,363,5,單眼,20221024,20221024
272,363,5,一般,20221024,20221024
273,1066,5,高感度,20221024,20221024
274,1066,5,單攝,20221024,20221024
275,1066,5,超大,20221024,20221024
276,1,5,微距,20221024,20221024
277,1,5,新款,20221024,20221024
278,1,5,細部,20221024,20221024
279,5,5,高清,20221024,20221024
280,5,5,外環,20221024,20221024
281,5,5,微,20221024,20221024
282,39,5,新款,20221024,20221024
283,39,5,雙色,20221024,20221024
284,39,5,步進,20221024,20221024
285,38,5,單側,20221024,20221024
286,38,5,雙色,20221024,20221024
287,372,5,單眼,20221024,20221024
288,372,5,後置,20221024,20221024
289,372,5,三段式,20221024,20221024
290,4,5,高倍,20221024,20221024
291,4,5,高清,20221024,20221024
292,4,5,潛望式,20221024,20221024
293,370,5,單眼,20221024,20221024
294,370,5,雙色,20221024,20221024
295,370,5,展開式,20221024,20221024
296,359,5,前置,20221024,20221024
297,359,5,鋁製,20221024,20221024
298,359,5,遠距,20221024,20221024
299,114,5,微距,20221024,20221024
300,114,5,近拍,20221024,20221024
301,114,5,潛望式,20221024,20221024
302,841,5,回放,20221024,20221024
303,841,5,磨砂,20221024,20221024
304,841,5,兩段式,20221024,20221024
305,840,5,近拍,20221024,20221024
306,840,5,遠距,20221024,20221024
307,840,5,連續式,20221024,20221024
308,115,5,長焦,20221024,20221024
309,115,5,頂級,20221024,20221024
310,263,5,微距,20221024,20221024
311,263,5,後置,20221024,20221024
312,263,5,沉浸式,20221024,20221024
313,659,5,長焦,20221024,20221024
314,659,5,前置,20221024,20221024
315,659,5,雙鏡,20221024,20221024
316,117,5,單眼,20221024,20221024
317,117,5,長焦,20221024,20221024
318,117,5,微型,20221024,20221024
319,116,5,遠距,20221024,20221024
320,116,5,細部,20221024,20221024
321,116,5,雙色,20221024,20221024
322,658,5,長焦,20221024,20221024
323,658,5,黑白,20221024,20221024
324,658,5,雙鏡,20221024,20221024
325,923,5,單眼,20221024,20221024
326,923,5,微距,20221024,20221024
327,923,5,黑白,20221024,20221024
328,927,5,高階,20221024,20221024
329,927,5,單側,20221024,20221024
330,927,5,潛望式,20221024,20221024
331,264,5,微距,20221024,20221024
332,264,5,後置,20221024,20221024
333,264,5,數位,20221024,20221024
334,660,5,手動,20221024,20221024
335,660,5,新款,20221024,20221024
336,660,5,磨砂,20221024,20221024
337,113,5,微距,20221024,20221024
338,113,5,巨幅,20221024,20221024
339,113,5,遠距,20221024,20221024
340,265,5,黑白,20221024,20221024
341,265,5,彩色,20221024,20221024
342,265,5,高質,20221024,20221024
343,926,5,前置,20221024,20221024
344,926,5,細部,20221024,20221024
345,926,5,可調式,20221024,20221024
346,924,5,單眼,20221024,20221024
347,924,5,微距,20221024,20221024
348,924,5,長焦,20221024,20221024
349,267,5,長焦,20221024,20221024
350,267,5,高清,20221024,20221024
351,267,5,潛望式,20221024,20221024
352,677,5,高階,20221024,20221024
353,677,5,兩段式,20221024,20221024
354,676,5,微距,20221024,20221024
355,676,5,手動,20221024,20221024
356,676,5,黑白,20221024,20221024
357,266,5,前置,20221024,20221024
358,266,5,新一代,20221024,20221024
359,266,5,雙環,20221024,20221024
360,925,5,前置,20221024,20221024
361,925,5,手動,20221024,20221024
362,925,5,高階,20221024,20221024
363,4,1,中階,20221024,20221024
364,4,1,家用,20221024,20221024
365,4,1,中等,20221024,20221024
366,363,1,一般,20221024,20221024
367,35,1,中階,20221024,20221024
368,35,1,日常,20221024,20221024
369,35,1,多餘,20221024,20221024
370,955,1,高階,20221024,20221024
371,955,1,日常,20221024,20221024
372,955,1,多餘,20221024,20221024
373,362,1,低階,20221024,20221024
374,362,1,基本,20221024,20221024
375,362,1,收藏用,20221024,20221024
376,5,1,自用,20221024,20221024
377,5,1,中階,20221024,20221024
378,5,1,折衷,20221024,20221024
379,374,1,商用,20221024,20221024
380,837,1,商用,20221024,20221024
381,837,1,中度,20221024,20221024
382,837,1,次級,20221024,20221024
383,957,1,高階,20221024,20221024
384,36,1,中階,20221024,20221024
385,36,1,日常,20221024,20221024
386,36,1,適度,20221024,20221024
387,37,1,額外,20221024,20221024
388,37,1,基本,20221024,20221024
389,37,1,一般,20221024,20221024
390,956,1,額外,20221024,20221024
391,956,1,基本,20221024,20221024
392,956,1,高階,20221024,20221024
393,361,1,單,20221024,20221024
394,2,1,中階,20221024,20221024
395,2,1,加值,20221024,20221024
396,2,1,貨用,20221024,20221024
397,359,1,低階,20221024,20221024
398,370,1,日常,20221024,20221024
399,370,1,同級,20221024,20221024
400,3,1,中階,20221024,20221024
401,3,1,家用,20221024,20221024
402,3,1,折衷,20221024,20221024
403,1,1,中階,20221024,20221024
404,1,1,二手,20221024,20221024
405,1,1,中等,20221024,20221024
406,372,1,低階,20221024,20221024
407,372,1,超低,20221024,20221024
408,658,1,日常,20221024,20221024
409,658,1,中高階,20221024,20221024
410,116,1,全額,20221024,20221024
411,116,1,家用,20221024,20221024
412,116,1,多餘,20221024,20221024
413,923,1,現有,20221024,20221024
414,923,1,可用,20221024,20221024
415,923,1,暫時,20221024,20221024
416,117,1,家用,20221024,20221024
417,117,1,微型,20221024,20221024
418,659,1,額外,20221024,20221024
419,659,1,中高階,20221024,20221024
420,840,1,日常,20221024,20221024
421,840,1,中高階,20221024,20221024
422,840,1,中等,20221024,20221024
423,115,1,低階,20221024,20221024
424,115,1,工作用,20221024,20221024
425,115,1,基本,20221024,20221024
426,263,1,微距,20221024,20221024
427,263,1,高通,20221024,20221024
428,40,1,低階,20221024,20221024
429,40,1,中低階,20221024,20221024
430,114,1,工作用,20221024,20221024
431,114,1,中低階,20221024,20221024
432,114,1,折衷,20221024,20221024
433,841,1,無謂,20221024,20221024
434,841,1,商用,20221024,20221024
435,841,1,中古,20221024,20221024
436,676,1,低階,20221024,20221024
437,676,1,日常,20221024,20221024
438,925,1,基本,20221024,20221024
439,925,1,高階,20221024,20221024
440,925,1,日常,20221024,20221024
441,266,1,公眾,20221024,20221024
442,267,1,一般,20221024,20221024
443,267,1,二手,20221024,20221024
444,267,1,商用,20221024,20221024
445,924,1,低階,20221024,20221024
446,924,1,二手,20221024,20221024
447,924,1,開架,20221024,20221024
448,677,1,低階,20221024,20221024
449,677,1,基本,20221024,20221024
450,113,1,家用,20221024,20221024
451,113,1,折衷,20221024,20221024
452,113,1,二手,20221024,20221024
453,926,1,頂規,20221024,20221024
454,926,1,日常,20221024,20221024
455,926,1,多餘,20221024,20221024
456,265,1,高階,20221024,20221024
457,265,1,一般,20221024,20221024
458,264,1,頂級,20221024,20221024
459,927,1,頂規,20221024,20221024
460,927,1,高階,20221024,20221024
461,927,1,日常,20221024,20221024
462,660,1,堪用,20221024,20221024
463,660,1,低規,20221024,20221024
464,660,1,二手,20221024,20221024
465,679,1,基本,20221024,20221024
466,679,1,中高階,20221024,20221024
467,679,1,二手,20221024,20221024
468,137,1,低階,20221024,20221024
469,137,1,中低,20221024,20221024
470,137,1,上選,20221024,20221024
471,136,1,低階,20221024,20221024
472,136,1,商用,20221024,20221024
473,136,1,中等,20221024,20221024
474,644,1,低階,20221024,20221024
475,644,1,二手,20221024,20221024
476,644,1,超低,20221024,20221024
477,678,1,中高階,20221024,20221024
478,678,1,商用,20221024,20221024
479,678,1,加值,20221024,20221024
480,134,1,外出用,20221024,20221024
481,134,1,低階,20221024,20221024
482,134,1,工作用,20221024,20221024
483,135,1,日常,20221024,20221024
484,135,1,二手,20221024,20221024
485,135,1,中等,20221024,20221024
486,479,1,中階,20221024,20221024
487,680,1,低階,20221024,20221024
488,680,1,日常,20221024,20221024
489,680,1,中低階,20221024,20221024
490,131,1,一般,20221024,20221024
491,657,1,低階,20221024,20221024
492,657,1,中階,20221024,20221024
493,657,1,一定,20221024,20221024
494,643,1,基本,20221024,20221024
495,643,1,高階,20221024,20221024
496,643,1,一般,20221024,20221024
497,642,1,基本,20221024,20221024
498,642,1,超低,20221024,20221024
499,656,1,低規,20221024,20221024
500,656,1,商用,20221024,20221024
501,681,1,加值,20221024,20221024
502,681,1,中度,20221024,20221024
503,483,1,一般,20221024,20221024
504,481,1,頂級,20221024,20221024
505,683,1,低階,20221024,20221024
506,683,1,自用,20221024,20221024
507,683,1,低中,20221024,20221024
508,640,1,原,20221024,20221024
509,1067,1,高階,20221024,20221024
510,1067,1,一般,20221024,20221024
511,1067,1,頂級,20221024,20221024
512,1066,1,額外,20221024,20221024
513,1066,1,中低階,20221024,20221024
514,133,1,基本,20221024,20221024
515,133,1,日常,20221024,20221024
516,133,1,二手,20221024,20221024
517,127,1,一定,20221024,20221024
518,641,1,低階,20221024,20221024
519,641,1,全額,20221024,20221024
520,641,1,一般,20221024,20221024
521,682,1,日常,20221024,20221024
522,682,1,家用,20221024,20221024
523,682,1,中高階,20221024,20221024
524,480,1,低階,20221024,20221024
525,480,1,商用,20221024,20221024
526,838,1,低階,20221024,20221024
527,838,1,自用,20221024,20221024
528,838,1,可用,20221024,20221024
529,958,1,主要,20221024,20221024
530,39,1,基本,20221024,20221024
531,39,1,中階,20221024,20221024
532,39,1,日常,20221024,20221024
533,38,1,日常,20221024,20221024
534,38,1,適度,20221024,20221024
535,38,1,商用,20221024,20221024
536,959,1,多餘,20221024,20221024
537,959,1,中低階,20221024,20221024
538,839,1,中階,20221024,20221024
539,839,1,基礎,20221024,20221024
540,1067,2,高階,20221024,20221024
541,1067,2,多重,20221024,20221024
542,1067,2,頂級,20221024,20221024
543,1,2,雙頻,20221024,20221024
544,1,2,高性能,20221024,20221024
545,1,2,新款,20221024,20221024
546,1066,2,中低階,20221024,20221024
547,3,2,雙頻,20221024,20221024
548,3,2,蜂巢式,20221024,20221024
549,3,2,中階,20221024,20221024
550,838,2,雙核,20221024,20221024
551,838,2,低階,20221024,20221024
552,838,2,多重,20221024,20221024
553,958,2,主要,20221024,20221024
554,959,2,高通,20221024,20221024
555,959,2,中低階,20221024,20221024
556,839,2,新一代,20221024,20221024
557,839,2,中階,20221024,20221024
558,839,2,基礎,20221024,20221024
559,2,2,低功耗,20221024,20221024
560,2,2,蜂巢式,20221024,20221024
561,2,2,中階,20221024,20221024
562,5,2,低功耗,20221024,20221024
563,5,2,微,20221024,20221024
564,5,2,中階,20221024,20221024
565,4,2,低功耗,20221024,20221024
566,4,2,車用,20221024,20221024
567,4,2,微,20221024,20221024
568,680,2,雙頻,20221024,20221024
569,680,2,低階,20221024,20221024
570,131,2,全面,20221024,20221024
571,131,2,一般,20221024,20221024
572,657,2,低階,20221024,20221024
573,657,2,新款,20221024,20221024
574,657,2,原生,20221024,20221024
575,643,2,雙頻,20221024,20221024
576,643,2,高階,20221024,20221024
577,643,2,一般,20221024,20221024
578,642,2,基本,20221024,20221024
579,656,2,雙頻,20221024,20221024
580,656,2,商用,20221024,20221024
581,656,2,低規,20221024,20221024
582,681,2,高通,20221024,20221024
583,681,2,雙頻,20221024,20221024
584,681,2,寬頻,20221024,20221024
585,483,2,一般,20221024,20221024
586,481,2,頂級,20221024,20221024
587,683,2,低階,20221024,20221024
588,683,2,現有,20221024,20221024
589,683,2,雙向,20221024,20221024
590,640,2,新一代,20221024,20221024
591,133,2,雙模,20221024,20221024
592,133,2,中低,20221024,20221024
593,127,2,新一代,20221024,20221024
594,127,2,雙,20221024,20221024
595,641,2,高階,20221024,20221024
596,641,2,家用,20221024,20221024
597,641,2,一般,20221024,20221024
598,682,2,高通,20221024,20221024
599,682,2,中高階,20221024,20221024
600,682,2,萬用,20221024,20221024
601,480,2,雙頻,20221024,20221024
602,480,2,低階,20221024,20221024
603,480,2,商用,20221024,20221024
604,137,2,低階,20221024,20221024
605,137,2,新一代,20221024,20221024
606,137,2,低規,20221024,20221024
607,679,2,新一代,20221024,20221024
608,679,2,單層,20221024,20221024
609,679,2,原生,20221024,20221024
610,678,2,高通,20221024,20221024
611,678,2,雙頻,20221024,20221024
612,678,2,新款,20221024,20221024
613,136,2,雙頻,20221024,20221024
614,136,2,高階,20221024,20221024
615,136,2,商用,20221024,20221024
616,644,2,低階,20221024,20221024
617,644,2,新款,20221024,20221024
618,644,2,原生,20221024,20221024
619,134,2,高通,20221024,20221024
620,134,2,低階,20221024,20221024
621,134,2,雙,20221024,20221024
622,38,2,雙頻,20221024,20221024
623,38,2,新款,20221024,20221024
624,38,2,商用,20221024,20221024
625,39,2,新一代,20221024,20221024
626,39,2,新款,20221024,20221024
627,39,2,中階,20221024,20221024
628,135,2,新款,20221024,20221024
629,135,2,單一,20221024,20221024
630,479,2,雙,20221024,20221024
631,479,2,中階,20221024,20221024
632,676,2,低階,20221024,20221024
633,676,2,雙模,20221024,20221024
634,676,2,現有,20221024,20221024
635,925,2,高階,20221024,20221024
636,925,2,新款,20221024,20221024
637,266,2,高性能,20221024,20221024
638,266,2,新一代,20221024,20221024
639,267,2,商用,20221024,20221024
640,267,2,一般,20221024,20221024
641,35,2,新一代,20221024,20221024
642,35,2,新款,20221024,20221024
643,35,2,中階,20221024,20221024
644,924,2,高通,20221024,20221024
645,924,2,低階,20221024,20221024
646,924,2,獨家,20221024,20221024
647,677,2,高階,20221024,20221024
648,677,2,新一代,20221024,20221024
649,677,2,雙重,20221024,20221024
650,113,2,新一代,20221024,20221024
651,113,2,寬頻,20221024,20221024
652,113,2,商用,20221024,20221024
653,926,2,獨家,20221024,20221024
654,926,2,劣質,20221024,20221024
655,926,2,舊有,20221024,20221024
656,37,2,雙頻,20221024,20221024
657,37,2,新款,20221024,20221024
658,37,2,水冷,20221024,20221024
659,265,2,高階,20221024,20221024
660,265,2,新一代,20221024,20221024
661,265,2,一般,20221024,20221024
662,264,2,雙模,20221024,20221024
663,264,2,頂級,20221024,20221024
664,264,2,高質,20221024,20221024
665,36,2,高通,20221024,20221024
666,36,2,高性能,20221024,20221024
667,36,2,新款,20221024,20221024
668,927,2,高階,20221024,20221024
669,927,2,雙重,20221024,20221024
670,927,2,中高,20221024,20221024
671,660,2,新一代,20221024,20221024
672,660,2,新款,20221024,20221024
673,660,2,低規,20221024,20221024
674,116,2,單一,20221024,20221024
675,116,2,國產,20221024,20221024
676,116,2,舊式,20221024,20221024
677,658,2,新款,20221024,20221024
678,658,2,中高階,20221024,20221024
679,923,2,舊有,20221024,20221024
680,923,2,頂極,20221024,20221024
681,923,2,可用,20221024,20221024
682,659,2,新款,20221024,20221024
683,659,2,中低階,20221024,20221024
684,659,2,複合,20221024,20221024
685,117,2,新款,20221024,20221024
686,117,2,微型,20221024,20221024
687,117,2,單一,20221024,20221024
688,840,2,新款,20221024,20221024
689,840,2,中高階,20221024,20221024
690,840,2,頂級,20221024,20221024
691,115,2,低階,20221024,20221024
692,115,2,基本,20221024,20221024
693,263,2,高通,20221024,20221024
694,114,2,降頻,20221024,20221024
695,114,2,中低階,20221024,20221024
696,114,2,航太,20221024,20221024
697,841,2,雙頻,20221024,20221024
698,841,2,新一代,20221024,20221024
699,841,2,獨家,20221024,20221024
700,359,2,低階,20221024,20221024
701,359,2,新一代,20221024,20221024
702,359,2,單一,20221024,20221024
703,370,2,新一代,20221024,20221024
704,370,2,單,20221024,20221024
705,372,2,低階,20221024,20221024
706,372,2,新一代,20221024,20221024
707,40,2,低階,20221024,20221024
708,40,2,中低階,20221024,20221024
709,40,2,獨家,20221024,20221024
710,363,2,單,20221024,20221024
711,363,2,一般,20221024,20221024
712,955,2,高階,20221024,20221024
713,955,2,日常,20221024,20221024
714,362,2,低階,20221024,20221024
715,362,2,獨家,20221024,20221024
716,362,2,現有,20221024,20221024
717,374,2,雙頻,20221024,20221024
718,374,2,商用,20221024,20221024
719,374,2,原生,20221024,20221024
720,837,2,雙頻,20221024,20221024
721,837,2,高性能,20221024,20221024
722,837,2,新一代,20221024,20221024
723,957,2,高階,20221024,20221024
724,957,2,獨家,20221024,20221024
725,957,2,頂級,20221024,20221024
726,956,2,高階,20221024,20221024
727,956,2,多重,20221024,20221024
728,956,2,基本,20221024,20221024
729,361,2,單,20221024,20221024
730,839,4,超大,20221024,20221024
731,839,4,磁吸式,20221024,20221024
732,839,4,中階,20221024,20221024
733,959,4,中低階,20221024,20221024
734,958,4,後置,20221024,20221024
735,958,4,主要,20221024,20221024
736,838,4,低階,20221024,20221024
737,838,4,可用,20221024,20221024
738,838,4,多重,20221024,20221024
739,1066,4,超大,20221024,20221024
740,1066,4,磁吸式,20221024,20221024
741,1066,4,中低階,20221024,20221024
742,1067,4,一般,20221024,20221024
743,1067,4,高階,20221024,20221024
744,1067,4,大型,20221024,20221024
745,38,4,一體式,20221024,20221024
746,38,4,長程,20221024,20221024
747,38,4,商用,20221024,20221024
748,39,4,新款,20221024,20221024
749,39,4,可用,20221024,20221024
750,39,4,中階,20221024,20221024
751,641,4,劣質,20221024,20221024
752,641,4,低階,20221024,20221024
753,641,4,一般,20221024,20221024
754,127,4,新一代,20221024,20221024
755,127,4,超大,20221024,20221024
756,133,4,輕,20221024,20221024
757,133,4,中度,20221024,20221024
758,682,4,萬用,20221024,20221024
759,682,4,家用,20221024,20221024
760,682,4,超大,20221024,20221024
761,480,4,低階,20221024,20221024
762,480,4,商用,20221024,20221024
763,481,4,有線,20221024,20221024
764,481,4,一貫,20221024,20221024
765,683,4,廢,20221024,20221024
766,683,4,堪用,20221024,20221024
767,683,4,低階,20221024,20221024
768,640,4,新一代,20221024,20221024
769,656,4,無線,20221024,20221024
770,656,4,三段式,20221024,20221024
771,656,4,超大,20221024,20221024
772,642,4,超低,20221024,20221024
773,642,4,基本,20221024,20221024
774,681,4,良性,20221024,20221024
775,681,4,中度,20221024,20221024
776,483,4,一般,20221024,20221024
777,680,4,一體式,20221024,20221024
778,680,4,低階,20221024,20221024
779,680,4,日常,20221024,20221024
780,643,4,一般,20221024,20221024
781,643,4,三段式,20221024,20221024
782,643,4,高階,20221024,20221024
783,657,4,新款,20221024,20221024
784,657,4,低階,20221024,20221024
785,657,4,商用,20221024,20221024
786,131,4,一般,20221024,20221024
787,135,4,新款,20221024,20221024
788,135,4,可用,20221024,20221024
789,135,4,輕度,20221024,20221024
790,479,4,中階,20221024,20221024
791,134,4,低階,20221024,20221024
792,134,4,超大,20221024,20221024
793,134,4,外出用,20221024,20221024
794,644,4,新款,20221024,20221024
795,644,4,低階,20221024,20221024
796,644,4,三段式,20221024,20221024
797,136,4,無線,20221024,20221024
798,136,4,慢速,20221024,20221024
799,136,4,低階,20221024,20221024
800,678,4,廢,20221024,20221024
801,678,4,無線,20221024,20221024
802,678,4,新款,20221024,20221024
803,679,4,新一代,20221024,20221024
804,679,4,可用,20221024,20221024
805,679,4,基本,20221024,20221024
806,137,4,廢,20221024,20221024
807,137,4,電容式,20221024,20221024
808,137,4,低階,20221024,20221024
809,660,4,堪用,20221024,20221024
810,660,4,新款,20221024,20221024
811,660,4,低規,20221024,20221024
812,40,4,輕型,20221024,20221024
813,40,4,慢速,20221024,20221024
814,40,4,低階,20221024,20221024
815,264,4,超大,20221024,20221024
816,264,4,高質,20221024,20221024
817,4,4,雙充,20221024,20221024
818,4,4,低功耗,20221024,20221024
819,4,4,堪用,20221024,20221024
820,927,4,高階,20221024,20221024
821,927,4,日常,20221024,20221024
822,927,4,可用,20221024,20221024
823,926,4,劣質,20221024,20221024
824,926,4,慢速,20221024,20221024
825,926,4,可用,20221024,20221024
826,5,4,快充,20221024,20221024
827,5,4,雙充,20221024,20221024
828,5,4,低功耗,20221024,20221024
829,265,4,無線,20221024,20221024
830,265,4,一般,20221024,20221024
831,265,4,高階,20221024,20221024
832,113,4,廢,20221024,20221024
833,113,4,新一代,20221024,20221024
834,113,4,家用,20221024,20221024
835,677,4,兩段式,20221024,20221024
836,677,4,新款,20221024,20221024
837,677,4,三防,20221024,20221024
838,267,4,快閃,20221024,20221024
839,267,4,一般,20221024,20221024
840,267,4,超大,20221024,20221024
841,924,4,低階,20221024,20221024
842,924,4,超大,20221024,20221024
843,924,4,可用,20221024,20221024
844,925,4,新款,20221024,20221024
845,925,4,高階,20221024,20221024
846,266,4,高性能,20221024,20221024
847,266,4,新一代,20221024,20221024
848,676,4,低階,20221024,20221024
849,676,4,日常,20221024,20221024
850,676,4,超好用,20221024,20221024
851,114,4,低耗,20221024,20221024
852,114,4,降頻,20221024,20221024
853,114,4,不耐用,20221024,20221024
854,841,4,兩段式,20221024,20221024
855,841,4,新一代,20221024,20221024
856,841,4,超大,20221024,20221024
857,2,4,低功耗,20221024,20221024
858,2,4,高質,20221024,20221024
859,2,4,中階,20221024,20221024
860,3,4,萬用,20221024,20221024
861,3,4,堪用,20221024,20221024
862,3,4,家用,20221024,20221024
863,263,4,高通,20221024,20221024
864,263,4,後置,20221024,20221024
865,840,4,兩段式,20221024,20221024
866,840,4,新款,20221024,20221024
867,840,4,日常,20221024,20221024
868,115,4,低階,20221024,20221024
869,115,4,一般,20221024,20221024
870,115,4,基本,20221024,20221024
871,117,4,新款,20221024,20221024
872,117,4,家用,20221024,20221024
873,659,4,新款,20221024,20221024
874,659,4,可用,20221024,20221024
875,659,4,中低階,20221024,20221024
876,1,4,高性能,20221024,20221024
877,1,4,軍用,20221024,20221024
878,1,4,雙頻,20221024,20221024
879,923,4,可用,20221024,20221024
880,923,4,舊有,20221024,20221024
881,658,4,新款,20221024,20221024
882,658,4,日常,20221024,20221024
883,116,4,快閃,20221024,20221024
884,116,4,低等,20221024,20221024
885,116,4,大型,20221024,20221024
886,37,4,水冷,20221024,20221024
887,37,4,一般,20221024,20221024
888,372,4,新一代,20221024,20221024
889,372,4,低階,20221024,20221024
890,372,4,三段式,20221024,20221024
891,36,4,高性能,20221024,20221024
892,36,4,一體式,20221024,20221024
893,36,4,長程,20221024,20221024
894,370,4,新一代,20221024,20221024
895,370,4,日常,20221024,20221024
896,359,4,新一代,20221024,20221024
897,359,4,便攜式,20221024,20221024
898,359,4,低階,20221024,20221024
899,35,4,一體式,20221024,20221024
900,35,4,新款,20221024,20221024
901,35,4,長程,20221024,20221024
902,361,4,單,20221024,20221024
903,956,4,高階,20221024,20221024
904,956,4,基本,20221024,20221024
905,957,4,無線,20221024,20221024
906,957,4,高階,20221024,20221024
907,374,4,無線,20221024,20221024
908,374,4,商用,20221024,20221024
909,837,4,新一代,20221024,20221024
910,837,4,超大,20221024,20221024
911,837,4,中度,20221024,20221024
912,362,4,堪用,20221024,20221024
913,362,4,低階,20221024,20221024
914,362,4,超大,20221024,20221024
915,955,4,一般,20221024,20221024
916,955,4,高階,20221024,20221024
917,955,4,日常,20221024,20221024
918,363,4,一般,20221024,20221024
919,680,3,一體式,20221024,20221024
920,680,3,雙頻,20221024,20221024
921,680,3,護眼,20221024,20221024
922,657,3,大屏,20221024,20221024
923,657,3,超清,20221024,20221024
924,657,3,多重,20221024,20221024
925,131,3,一般,20221024,20221024
926,131,3,全面,20221024,20221024
927,643,3,高階,20221024,20221024
928,643,3,一般,20221024,20221024
929,643,3,三段式,20221024,20221024
930,1,3,多工,20221024,20221024
931,1,3,護眼,20221024,20221024
932,1,3,中階,20221024,20221024
933,642,3,基本,20221024,20221024
934,656,3,超大,20221024,20221024
935,656,3,雙重,20221024,20221024
936,656,3,雙開,20221024,20221024
937,681,3,雙頻,20221024,20221024
938,681,3,無縫,20221024,20221024
939,681,3,視聽,20221024,20221024
940,483,3,一般,20221024,20221024
941,481,3,雙,20221024,20221024
942,481,3,三防,20221024,20221024
943,481,3,頂級,20221024,20221024
944,683,3,多工,20221024,20221024
945,683,3,一體式,20221024,20221024
946,683,3,雙向,20221024,20221024
947,640,3,磨砂,20221024,20221024
948,640,3,新一代,20221024,20221024
949,3,3,高清,20221024,20221024
950,3,3,無縫,20221024,20221024
951,3,3,高倍,20221024,20221024
952,2,3,高清,20221024,20221024
953,2,3,中階,20221024,20221024
954,2,3,全包式,20221024,20221024
955,133,3,輕,20221024,20221024
956,133,3,中低,20221024,20221024
957,133,3,基本,20221024,20221024
958,641,3,高階,20221024,20221024
959,641,3,一般,20221024,20221024
960,127,3,超大,20221024,20221024
961,127,3,新一代,20221024,20221024
962,682,3,多工,20221024,20221024
963,682,3,黑白,20221024,20221024
964,682,3,超大,20221024,20221024
965,480,3,雙,20221024,20221024
966,480,3,低階,20221024,20221024
967,137,3,觸控式,20221024,20221024
968,137,3,雙色,20221024,20221024
969,137,3,新一代,20221024,20221024
970,679,3,黑白,20221024,20221024
971,679,3,視聽,20221024,20221024
972,679,3,新一代,20221024,20221024
973,678,3,雙頻,20221024,20221024
974,678,3,新款,20221024,20221024
975,678,3,高通,20221024,20221024
976,136,3,灰階,20221024,20221024
977,136,3,多工,20221024,20221024
978,136,3,高階,20221024,20221024
979,644,3,灰階,20221024,20221024
980,644,3,低階,20221024,20221024
981,644,3,原生,20221024,20221024
982,134,3,超大,20221024,20221024
983,134,3,多重,20221024,20221024
984,134,3,雙,20221024,20221024
985,5,3,高清,20221024,20221024
986,5,3,全彩,20221024,20221024
987,5,3,雙色,20221024,20221024
988,4,3,高清,20221024,20221024
989,4,3,全彩,20221024,20221024
990,4,3,無縫,20221024,20221024
991,135,3,多工,20221024,20221024
992,135,3,新款,20221024,20221024
993,135,3,長方,20221024,20221024
994,479,3,數位,20221024,20221024
995,479,3,子母,20221024,20221024
996,479,3,雙,20221024,20221024
997,838,3,多重,20221024,20221024
998,838,3,低階,20221024,20221024
999,838,3,灰白,20221024,20221024
1000,958,3,後置,20221024,20221024
1001,959,3,高通,20221024,20221024
1002,959,3,鋼化,20221024,20221024
1003,959,3,中低階,20221024,20221024
1004,839,3,可調式,20221024,20221024
1005,839,3,超大,20221024,20221024
1006,839,3,雙,20221024,20221024
1007,38,3,雙色,20221024,20221024
1008,38,3,新款,20221024,20221024
1009,39,3,多工,20221024,20221024
1010,39,3,雙色,20221024,20221024
1011,39,3,中階,20221024,20221024
1012,359,3,互動式,20221024,20221024
1013,359,3,多重,20221024,20221024
1014,359,3,新一代,20221024,20221024
1015,370,3,護眼,20221024,20221024
1016,370,3,雙色,20221024,20221024
1017,35,3,雙色,20221024,20221024
1018,35,3,新一代,20221024,20221024
1019,35,3,中階,20221024,20221024
1020,37,3,雙層,20221024,20221024
1021,37,3,雙色,20221024,20221024
1022,37,3,一般,20221024,20221024
1023,372,3,新一代,20221024,20221024
1024,372,3,低階,20221024,20221024
1025,36,3,雙色,20221024,20221024
1026,36,3,超大,20221024,20221024
1027,36,3,對稱式,20221024,20221024
1028,363,3,一般,20221024,20221024
1029,955,3,高階,20221024,20221024
1030,955,3,一般,20221024,20221024
1031,955,3,雙,20221024,20221024
1032,362,3,多工,20221024,20221024
1033,362,3,數位,20221024,20221024
1034,362,3,折疊式,20221024,20221024
1035,374,3,原生,20221024,20221024
1036,1066,3,高感度,20221024,20221024
1037,1066,3,超大,20221024,20221024
1038,1066,3,中低階,20221024,20221024
1039,837,3,超大,20221024,20221024
1040,837,3,下拉式,20221024,20221024
1041,837,3,雙,20221024,20221024
1042,957,3,高階,20221024,20221024
1043,957,3,視聽,20221024,20221024
1044,956,3,全彩,20221024,20221024
1045,956,3,多重,20221024,20221024
1046,1067,3,高階,20221024,20221024
1047,1067,3,一般,20221024,20221024
1048,1067,3,多重,20221024,20221024
1049,361,3,單,20221024,20221024
1050,676,3,環繞式,20221024,20221024
1051,676,3,雙模,20221024,20221024
1052,676,3,低階,20221024,20221024
1053,925,3,新款,20221024,20221024
1054,925,3,日常,20221024,20221024
1055,925,3,基本,20221024,20221024
1056,266,3,新一代,20221024,20221024
1057,267,3,高清,20221024,20221024
1058,267,3,超清,20221024,20221024
1059,267,3,超大,20221024,20221024
1060,924,3,子母,20221024,20221024
1061,924,3,超大,20221024,20221024
1062,677,3,直式,20221024,20221024
1063,677,3,高階,20221024,20221024
1064,677,3,多重,20221024,20221024
1065,40,3,護眼,20221024,20221024
1066,40,3,雙色,20221024,20221024
1067,40,3,超大,20221024,20221024
1068,113,3,多工,20221024,20221024
1069,113,3,子母,20221024,20221024
1070,113,3,護眼,20221024,20221024
1071,926,3,多工,20221024,20221024
1072,926,3,直立式,20221024,20221024
1073,926,3,可調式,20221024,20221024
1074,265,3,雙面,20221024,20221024
1075,265,3,高階,20221024,20221024
1076,264,3,數位,20221024,20221024
1077,264,3,超大,20221024,20221024
1078,264,3,高質,20221024,20221024
1079,927,3,彩色,20221024,20221024
1080,927,3,高階,20221024,20221024
1081,927,3,可調式,20221024,20221024
1082,660,3,多工,20221024,20221024
1083,660,3,新一代,20221024,20221024
1084,116,3,雙色,20221024,20221024
1085,116,3,下拉式,20221024,20221024
1086,116,3,雙邊,20221024,20221024
1087,658,3,雙層,20221024,20221024
1088,658,3,全平,20221024,20221024
1089,658,3,新款,20221024,20221024
1090,923,3,彩色,20221024,20221024
1091,923,3,黑白,20221024,20221024
1092,923,3,子母,20221024,20221024
1093,659,3,多工,20221024,20221024
1094,659,3,雙色,20221024,20221024
1095,659,3,分割式,20221024,20221024
1096,117,3,全彩,20221024,20221024
1097,117,3,新款,20221024,20221024
1098,840,3,可變式,20221024,20221024
1099,840,3,新款,20221024,20221024
1100,840,3,兩段式,20221024,20221024
1101,115,3,多工,20221024,20221024
1102,115,3,一般,20221024,20221024
1103,115,3,低階,20221024,20221024
1104,263,3,高通,20221024,20221024
1105,263,3,沉浸式,20221024,20221024
1106,114,3,灰階,20221024,20221024
1107,114,3,無框,20221024,20221024
1108,114,3,下拉式,20221024,20221024
1109,841,3,多工,20221024,20221024
1110,841,3,雙頻,20221024,20221024
1111,841,3,超大,20221024,20221024
